{
  "pointTopLeft": {
    "x": 40.953125,
    "y": 40.953125,
    "clicks": [
      1820,
      2090,
      2310,
      2563,
      2850
    ]
  },
  "pointTopRight": {
    "x": 1977.046875,
    "y": 40.953125,
    "clicks": [
      5630,
      6049,
      6302,
      6539,
      6792
    ]
  },
  "pointCenter": {
    "x": 1024,
    "y": 640,
    "clicks": [
      8395,
      8615,
      8852,
      9104,
      9341
    ]
  },
  "pointBottomLeft": {
    "x": 40.953125,
    "y": 1209.046875,
    "clicks": [
      11019,
      11218,
      11436,
      11647,
      11900
    ]
  },
  "pointBottomRight": {
    "x": 1977.046875,
    "y": 1209.046875,
    "clicks": [
      13629,
      13843,
      14066,
      14300,
      14539
    ]
  }
}